国家,非统计项,国家代码,所在洲,国家收入等级,人口,女性人口,千人生育率,PPP人均国民收入,美元人均国民收入,基尼系数,贫困人口比例,城镇人口比例,初等教育人口,五岁以下死亡人数,识字率,失业率,服务业就业比例,农业就业比例,工业就业比例,出生预期寿命,通电率,艾滋病感染率
,x,,,,,,,,,,,,,,,,,,,,,
,x,,,,,,,,,,,,,,,,,,,,,
,x,,,,,,,,,,,,,,,,,,,,,
,x,Country Code,,Income_Group,2020,2020,2019,2020,2020,2017,2018,2020,2019,2020,2018,2020,2019,2019,2019,2019,2019,2020
阿鲁巴,,ABW,NA,高收入国家,106766,56124,1.901,,,,,43.697,,,97.8074188232422,,,,,76.293,100,
,x,AFE,,,677243299,341090736,4.34943292875838,3591.37255762039,1406.28900683756,,,36.7833061490919,,1273887,,7.56318685370141,31.3024984449517,59.2532370480414,9.44448264787993,64.0051974732229,43.6406611120552,4.99678543905486
阿富汗,,AFG,AS,低收入国家,38928341,18952076,4.321,2100,500,,,26.026,6777785,69714,,11.710000038147,38.9599990844727,42.5,18.5499992370605,64.833,97.7,0.1
,x,AFW,,,458803476,227985427,5.04414441407213,4097.57909133569,1654.42565980847,,,47.8486254352506,,1516081,,6.77491378680166,45.4880431596183,41.5371219522733,12.9762571711232,58.1157227231324,51.3414214713772,1.41588705547703
安哥拉,,AGO,AF,中低等收入国家,32866268,16605398,5.442,5900,2140,,32.3,66.825,,90589,,8.33300018310547,42.4700012207031,50.7299995422363,6.80000019073486,61.147,45.6703147888184,1.8
阿尔巴尼亚,,ALB,EU,中高等收入国家,2837743,1393417,1.597,13210,5210,33.2,,62.112,167104,327,98.1411514282227,13.3290004730225,43.4300003051758,36.4199981689453,20.1499996185303,78.573,100,0.1
安道尔共和国,,AND,EU,高收入国家,77265,,,,,,,87.916,4322,1,,,,,,,100,
阿拉伯联盟国家,x,ARB,,,436080728,210055400,3.18715713514644,14094.0253987873,5932.74186976214,,,59.4717656085527,50097480,354541,72.8690872192383,11.4873210354051,57.0200347399732,17.9765657861157,25.0055282504284,71.9897093670282,89.5122823188562,0.115018462162161
阿拉伯联合酋长国,,ARE,AS,高收入国家,9890400,3054051,1.387,66690,39410,,,87.048,553678,658,,3.18799996376038,64.3899993896484,1.38999998569489,34.2200012207031,77.972,100,0.1
阿根廷,,ARG,SA,中高等收入国家,45376763,23239321,2.247,20230,9070,41.1,32,92.111,4800419,6436,99.0038681030273,11.460000038147,78.0999984741211,0.0599999986588955,21.8400001525879,76.667,100,0.4
亚美尼亚,,ARM,AS,中高等收入国家,2963234,1569487,1.758,13110,4220,33.6,,63.313,154409,437,,21.2059993743896,51.2000007629395,24.0499992370605,24.75,75.087,100,0.2
美属萨摩亚,,ASM,OC,中高等收入国家,55197,,,,,,,87.153,,,,,,,,,,
安提瓜和巴布达,,ATG,NA,高收入国家,97928,50659,1.987,17910,13750,,,24.433,,9,,,,,,77.016,100,
澳大利亚,,AUS,OC,高收入国家,25687041,12895213,1.657,52240,53690,,,86.241,2263884,1176,,6.46000003814697,78.379997253418,2.55999994277954,19.0599994659424,82.9,100,0.1
奥地利,,AUT,EU,高收入国家,8917205,4521483,1.46,55620,48350,29.7,13.3,58.748,342064,322,,5.3600001335144,70.9899978637695,3.66000008583069,25.3600006103516,81.7926829268293,100,
阿塞拜疆,,AZE,AS,中高等收入国家,10093121,5051462,1.8,14390,4480,,,56.397,645392,3103,,6.46299982070923,49.2200012207031,36,14.789999961853,73.005,100,0.1
布隆迪,,BDI,AF,低收入国家,11890781,5990917,5.321,780,230,,,13.708,2212532,23864,,1.70700001716614,10.4499998092651,86.2099990844727,3.34999990463257,61.584,11.0647974014282,1
比利时,,BEL,EU,高收入国家,11555997,5828325,1.57,53600,45750,27.4,14.8,98.079,823109,526,,5.55000019073486,78.2399978637695,0.920000016689301,20.8400001525879,81.7463414634146,100,
贝宁,,BEN,AF,中低等收入国家,12123198,6068950,4.767,3470,1280,,,48.415,2180896,35910,42.3624000549316,1.58399999141693,43.4199981689453,38.2700004577637,18.3099994659424,61.771,40.3187408447266,0.9
布基纳法索,,BFA,AF,低收入国家,20903278,10458565,5.109,2110,770,,41.4,30.607,3233784,63887,39.3458518981934,4.89499998092651,48.6399993896484,26.2099990844727,25.1599998474121,61.577,18.3791522979736,0.7
孟加拉国,,BGD,AS,中低等收入国家,164689383,81430275,2.011,5390,2030,,,38.177,,84346,73.9122009277344,5.41300010681152,40.3800010681152,38.2999992370605,21.3199996948242,72.591,92.2,
保加利亚,,BGR,EU,中高等收入国家,6934015,3566901,1.58,24150,9630,40.4,22.6,75.686,256857,380,,5.11999988555908,63.3600006103516,6.61999988555908,30.0200004577637,74.9146341463415,100,
巴林,,BHR,AS,高收入国家,1701583,601109,1.964,40660,19900,,,89.506,115819,149,,1.78100001811981,63.810001373291,0.939999997615814,35.25,77.292,100,
巴哈马,,BHS,NA,高收入国家,393248,202155,1.743,30790,26070,,,83.245,,66,,13.3210000991821,83.3099975585938,2.20000004768372,14.4799995422363,73.918,100,1.2
波斯尼亚和黑塞哥维那,,BIH,EU,中高等收入国家,3280815,1674206,1.254,15490,6080,,,49.02,157304,150,,15.2650003433228,50.3300018310547,17.9599990844727,31.7099990844727,77.401,100,
白俄罗斯,,BLR,EU,中高等收入国家,9379952,5012881,1.382,19400,6360,25.4,5.6,79.483,,319,,4.76800012588501,58.560001373291,11.0600004196167,30.3799991607666,74.2268292682927,100,0.5
伯利兹,,BLZ,NA,中低等收入国家,397621,199860,2.274,6230,4110,,,46.025,50388,93,,8.46199989318848,67.6100006103516,16.7999992370605,15.5900001525879,74.623,92.72,1.2
百慕大,,BMU,NA,高收入国家,63903,,1.59,83180,112240,,,100,,,,,,,,81.8665853658537,100,
玻利维亚,,BOL,SA,中低等收入国家,11673029,5815010,2.688,8180,3180,44.6,,70.123,1386544,6253,,7.90000009536743,50.0499992370605,30.5400009155273,19.4099998474121,71.513,96.3031005859375,0.2
巴西,,BRA,SA,中高等收入国家,212559409,108123626,1.719,14550,7850,53.3,,87.073,15690307,42241,93.2275009155273,13.6899995803833,70.9400024414063,9.07999992370605,19.9899997711182,75.881,99.8,0.6
巴巴多斯,,BRB,NA,高收入国家,287371,148287,1.623,12790,14350,,,31.191,19895,37,,10.3769998550415,78.4199981689453,2.65000009536743,18.9300003051758,79.19,100,
文莱达鲁萨兰国,,BRN,AS,高收入国家,437483,210496,1.819,67590,31510,,,78.25,39236,72,97.214111328125,7.68200016021729,77.2799987792969,1.95000004768372,20.7600002288818,75.86,100,
不丹,,BTN,AS,中低等收入国家,771612,361525,1.954,10440,2840,37.4,,42.316,,356,,3.6489999294281,34.060001373291,55.7799987792969,10.1499996185303,71.777,100,0.2
博茨瓦纳,,BWA,AF,中高等收入国家,2351625,1212526,2.836,15490,6640,,,70.877,,2486,,24.9300003051758,62.4900016784668,19.8999996185303,17.6200008392334,69.592,70.1831817626953,19.9
中非共和国,,CAF,AF,低收入国家,4829764,2435722,4.645,1020,500,,,42.198,,17069,37.3958206176758,6.35699987411499,23.8899993896484,69.8499984741211,6.26000022888184,53.283,14.3,2.9
加拿大,,CAN,NA,高收入国家,38005238,19142488,1.4684,46090,43580,33.3,,81.562,2407739,1929,,9.46000003814697,79.2399978637695,1.50999999046326,19.25,82.0487804878049,100,
中歐和波羅的海,x,CEB,,,102253057,52756037,1.55512487842854,32835.1821865882,15784.5896140781,,,62.5588958078877,5298720,4675,,4.37229295020506,58.8363515505783,9.27586623984618,31.8838922270479,77.1441029199518,100,
瑞士,,CHE,EU,高收入国家,8636896,4352040,1.48,69170,82620,32.7,16,73.915,521087,353,,4.82000017166138,77.0699996948242,2.58999991416931,20.3400001525879,83.7048780487805,100,0.2
海峡群岛,x,CHI,,高收入国家,173859,87789,1.509,,,,,30.963,,,,7.68599987030029,72.7300033569336,2.61999988555908,24.6399993896484,83.086,100,
智利,,CHL,SA,高收入国家,19116209,9690540,1.627,24020,13470,44.4,,87.727,1552914,1544,,11.1800003051758,68.7799987792969,8.97999954223633,22.25,80.181,100,0.6
中国,,CHN,AS,中高等收入国家,1410929362,687245874,1.696,17090,10550,,1.7,61.428,104325248,121395,96.8408889770508,5,47.25,25.3299999237061,27.4200000762939,76.912,100,
科特迪瓦,,CIV,AF,中低等收入国家,26378275,13077895,4.593,5300,2280,,39.5,51.706,4003884,70369,,3.48799991607666,46.9900016784668,40.1500015258789,12.8599996566772,57.783,68.5501098632813,2.1
喀麦隆,,CMR,AF,中低等收入国家,26545864,13268789,4.506,3780,1520,,,57.56,4399897,64564,77.0710372924805,3.83699989318848,42.0900001525879,43.4900016784668,14.4200000762939,59.292,63.4523124694824,3
刚果（金）,,COD,AF,低收入国家,89561404,44851232,5.819,1110,550,,,45.638,,283864,,5.26599979400635,25.8600006103516,64.3000030517578,9.84000015258789,60.681,19.1,0.7
刚果（布）,,COG,AF,中低等收入国家,5518092,2761414,4.374,3060,1770,,,67.829,,7745,80.2987594604492,22.8430004119873,44.9900016784668,33.5299987792969,21.4699993133545,64.57,48.3297233581543,3.3
哥伦比亚,,COL,SA,中高等收入国家,50882884,25898320,1.789,14640,5790,49.7,,81.425,4263988,9621,95.0925064086914,15.039999961853,64.1100006103516,15.7700004577637,20.1200008392334,77.287,99.7662734985352,0.4
科摩罗,,COM,AF,中低等收入国家,869595,430942,4.138,3130,1400,,,29.38,,1627,58.8170204162598,9.22299957275391,46.7900009155273,34.3800010681152,18.8299999237061,64.321,84.0482406616211,0.1
佛得角,,CPV,AF,中低等收入国家,555988,276871,2.242,6220,3060,,,66.652,62596,148,,15.3059997558594,67.5999984741211,10.6000003814697,21.7999992370605,72.981,95.5335388183594,0.5
哥斯达黎加,,CRI,NA,中高等收入国家,5094114,2549038,1.737,20860,11530,48.3,22.9,80.771,497065,545,97.8637924194336,17.4099998474121,69.2200012207031,11.9700002670288,18.7999992370605,80.279,99.71,0.4
加勒比小国,x,CSS,,,7442291,3687636,1.97990406454761,14781.4995005387,8875.08590881013,,,51.5564381985332,696620.1875,1882,,9.82741043842722,69.6543155985801,10.7023950237395,19.6455503326535,73.7547323090936,98.2805049123194,1.19058377987473
古巴,,CUB,NA,中高等收入国家,11326616,5703148,1.602,,,,,77.194,750567,576,,2.62400007247925,65.4899978637695,17.3999996185303,17.1100006103516,78.802,99.8,0.4
库拉索,,CUW,NA,高收入国家,155014,83724,1.6,22210,17140,,,89.062,,,,,,,,,100,
开曼群岛,,CYM,NA,高收入国家,65720,,,54150,64000,,,100,,,,,,,,,100,
塞浦路斯,,CYP,AS,高收入国家,1207361,603847,1.321,37110,26440,31.4,14.7,66.821,58473,34,,7.59000015258789,79.1600036621094,2.41000008583069,18.4400005340576,80.982,100,
捷克共和国,,CZE,EU,高收入国家,10698896,5431340,1.71,40160,22070,24.9,10.1,74.061,581823,319,,2.54999995231628,60.0900001525879,2.66000008583069,37.25,79.1292682926829,100,
德国,,DEU,EU,高收入国家,83240525,42093236,1.54,56320,47470,,14.8,77.453,2996959,2864,,3.80999994277954,71.6100006103516,1.21000003814697,27.1800003051758,80.9414634146342,100,0.1
吉布提,,DJI,AF,中低等收入国家,988002,469009,2.676,5610,3310,41.6,,78.062,68701,1132,,28.3899993896484,62,24.5499992370605,13.4399995803833,67.112,61.275936126709,0.8
多米尼克,,DMA,NA,中高等收入国家,71991,,,11150,7270,,,71.09,6144,34,,,,,,,100,
丹麦,,DNK,EU,高收入国家,5831404,2932556,1.7,62260,63010,28.7,12.5,88.116,461874,226,,5.6399998664856,79.2300033569336,2.22000002861023,18.5499992370605,81.2024390243903,100,0.1
多米尼加共和国,,DOM,NA,中高等收入国家,10847904,5429698,2.323,17060,7260,42.2,22.8,82.54,1300211,6916,,6.13000011444092,72.4000015258789,8.77999973297119,18.8199996948242,74.081,100,0.9
阿尔及利亚,,DZA,AF,中低等收入国家,43851043,21697235,2.988,11090,3570,,,73.733,4580288,22755,81.4078369140625,12.5500001907349,59.9900016784668,9.60000038146973,30.4200000762939,76.88,99.5,0.1
东亚与太平洋地区（不包括高收入）,x,EAP,,,2113820753,1039345328,1.87534462284477,15028.2387101795,8323.88023675273,,,57.4973051481106,175704768,410414,95.8791198730469,4.38802132791412,46.9542709157984,27.2633562236044,25.7829457991796,75.4097032387878,97.9383498519199,
早人口紅利,x,EAR,,,3332105361,1635356268,2.46295837514933,9111.1664712627,3257.91335180905,,,45.9592079871492,344521312,2127083,79.354133605957,7.12209161822473,42.7778977312701,34.6015064502764,22.6220847262517,70.7012013247764,92.5425525884854,
东亚与太平洋地区,x,EAS,,,2360855079,1164609582,1.81749656579339,18454.6154912823,11609.6327202712,,,60.6977620263709,188292864,415499,95.6253204345703,4.31572817718915,49.6071069205943,24.7837073133791,25.6097647996202,76.2652057372043,98.1362772425746,
欧洲与中亚地区（不包括高收入）,x,ECA,,,420211696,217993352,1.88547163275279,22599.6712520164,7914.07135196102,,,67.3655449976381,23661222,63615,99.0077362060547,7.80399705039362,60.2806020888008,14.1226989829721,25.597104230807,73.9353630083226,99.9853251294888,
欧洲与中亚地区,x,ECS,,,923452178,474391553,1.70203059517455,35583.9397596307,24048.1697798351,,,72.6150395580392,52847556,81994,98.3335189819336,7.18238786420777,67.6283008527402,7.91796333291548,24.4537030932583,78.0312773947859,99.9933262669172,
厄瓜多尔,,ECU,SA,中高等收入国家,17643060,8819233,2.403,10580,5530,44.7,23.2,64.166,1904379,4357,,6.1100001335144,53.0400009155273,29.7399997711182,17.2099990844727,77.01,100,0.3
阿拉伯埃及共和国,,EGY,AF,中低等收入国家,102334403,50631541,3.28,12220,3000,31.5,,42.783,13265036,49935,,9.16699981689453,52.439998626709,20.6200008392334,26.9400005340576,71.99,100,0.1
欧洲货币联盟,x,EMU,,,342949773,175074665,1.50682490049275,47269.8948880968,38096.9997128321,,,77.461870037383,18509660,11674,,7.82530689071205,73.5736065404541,2.9702612104076,23.4567328945556,82.038548222566,100,0.223392190735242
厄立特里亚,,ERI,AF,低收入国家,,,3.997,,,,,,,4094,76.5705184936523,7.86499977111816,29.5900001525879,63.1199989318848,7.28999996185303,66.321,50.3857307434082,0.5
西班牙,,ESP,EU,高收入国家,47351567,24079931,1.24,37990,27360,34.7,20.7,80.81,3038332,1255,98.4365005493164,15.5299997329712,75.5400009155273,4.03000020980835,20.4300003051758,83.4853658536585,100,0.4
爱沙尼亚,,EST,EU,高收入国家,1331057,700461,1.66,37520,23170,30.4,21.7,69.229,89618,29,,6.80000019073486,68.129997253418,3.17000007629395,28.7000007629395,78.4975609756098,100,0.8
埃塞俄比亚,,ETH,AF,低收入国家,114963583,57446748,4.146,2410,890,,,21.695,,172889,,3.23699998855591,24.0499992370605,66.629997253418,9.31999969482422,66.597,48.2716217041016,0.9
欧洲联盟,x,EUU,,,447801418,228848547,1.52267881783134,44778.3516320073,34234.4084561449,,,74.9565121046892,29386012,16321,,7.04576472614677,70.6587103413744,4.35484684277441,24.9860372694428,81.0638468173313,100,
脆弱和受衝突影響的情況下,x,FCS,,,929989551,463837998,4.40255031499538,4223.64380889556,1629.64395713277,,,42.6433256521919,135739328,2252967,63.4959907531738,7.33038911517949,38.5910822901084,48.9711420086562,12.4393069326194,62.480088340482,54.0668968388692,1.50202032242601
芬兰,,FIN,EU,高收入国家,5530719,2803244,1.35,51400,49780,27.4,11.6,85.517,371103,116,,7.76000022888184,74.5800018310547,3.77999997138977,21.6399993896484,81.7853658536586,100,
斐济,,FJI,OC,中高等收入国家,896444,442426,2.754,11340,4890,,,57.247,121666,510,,4.71500015258789,68.2600021362305,17.6100006103516,14.1400003433228,67.444,100,0.2
法国,,FRA,EU,高收入国家,67391582,34777344,1.87,47720,39480,31.6,13.6,80.975,4299109,3164,,8.01000022888184,77.0400009155273,2.52999997138977,20.4300003051758,82.5780487804878,100,
法罗群岛,,FRO,EU,高收入国家,48865,,2.4,,,,,42.398,,,,,,,,82.7463414634146,100,
密克罗尼西亚联邦,,FSM,OC,中低等收入国家,115021,56541,3.01,3960,3950,,,22.933,13819,64,,,,,,67.883,82.116943359375,
加蓬,,GAB,AF,中高等收入国家,2225728,1092874,3.922,14300,7030,38,,90.092,,2777,84.6671600341797,21.9720001220703,59.2999992370605,29.9599990844727,10.7399997711182,66.467,90.6852569580078,3
英国,,GBR,EU,高收入国家,67215293,34004276,1.65,45870,39830,35.1,,83.903,4919259,3253,,4.47200012207031,80.8300018310547,1.04999995231628,18.1200008392334,81.2048780487805,100,
格鲁吉亚,,GEO,AS,中高等收入国家,3714000,1943920,2.055,14080,4270,37.9,20.1,59.453,316542,484,,18.5,47.5900001525879,38.1500015258789,14.2600002288818,73.767,100,0.3
加纳,,GHA,AF,中低等收入国家,31072945,15322946,3.816,5930,2340,,,57.349,4549875,39214,79.0396423339844,4.65100002288818,49.2099990844727,29.75,21.0499992370605,64.074,83.5,1.7
直布罗陀,,GIB,EU,高收入国家,33691,,,,,,,100,2889,,,,,,,,100,
几内亚,,GIN,AF,低收入国家,13132792,6779558,4.625,2580,1020,,43.7,36.875,,43352,39.6176795959473,6.10300016403198,33.560001373291,60.6500015258789,5.78999996185303,61.602,42.4183883666992,1.4
冈比亚,,GMB,AF,低收入国家,2416664,1218124,5.154,2240,750,,,62.582,374678,4377,,11.081000328064,57.9599990844727,27.0300006866455,15.0100002288818,62.05,59.9212875366211,1.8
几内亚比绍共和国,,GNB,AF,低收入国家,1967998,1005303,4.402,1980,760,,,44.196,,5049,,6.73699998855591,30.9099998474121,60.4799995422363,8.60999965667725,58.322,31.040412902832,3
赤道几内亚,,GNQ,AF,中高等收入国家,1402985,622605,4.429,13340,5810,,,73.1,,3450,,9.90100002288818,41.1399993896484,39.5099983215332,19.3500003814697,58.735,66.5921783447266,7.3
希腊,,GRC,EU,高收入国家,10715549,5456162,1.35,27790,17930,34.4,17.9,79.715,635950,318,97.9359512329102,16.2999992370605,73.0599975585938,11.6000003814697,15.3400001525879,81.9390243902439,100,0.2
格林纳达,,GRD,NA,中高等收入国家,112519,55853,2.042,15450,9410,,,36.537,,29,,,,,,72.397,95.4287414550781,
格陵兰,,GRL,NA,高收入国家,56367,,2.08,,,,,87.282,,,,,,,,,100,
危地马拉,,GTM,NA,中高等收入国家,16858333,8552130,2.822,8700,4490,,,51.836,2365800,10041,80.810676574707,3.55299997329712,49.9799995422363,31.2999992370605,18.7299995422363,74.302,95.7245712280273,0.2
关岛,,GUM,OC,高收入国家,168783,83643,2.293,,,,,94.938,,,,6.80200004577637,84.2300033569336,0.230000004172325,15.539999961853,80.074,100,
圭亚那,,GUY,SA,中高等收入国家,786559,391010,2.44,16610,7130,,,26.786,,436,,16.4309997558594,59.5999984741211,15.4399995803833,24.9699993133545,69.906,92.0216903686523,1.3
高收入国家,x,HIC,,,1214930230,609111672,1.56538701996662,51275.864411099,44479.1002144413,,,81.7553882986929,77067616,59851,,6.48602163111056,74.4767416690368,2.75403474554096,22.7721598608938,80.8873668617946,99.9997084133116,
中国香港特别行政区,,HKG,AS,高收入国家,7481800,4049102,1.051,62500,48630,,,100,376310,,,5.82999992370605,88.75,0.170000001788139,11.0799999237061,85.0780487804878,100,
洪都拉斯,,HND,NA,中低等收入国家,9904608,4955728,2.427,5050,2180,49.4,50.4,58.359,1103956,3368,87.2052383422852,8.3730001449585,49.1199989318848,29.4899997711182,21.3899993896484,75.27,92.7795257568359,0.2
重债穷国 (HIPC),x,HPC,,,823480038,412664816,4.61982484559296,2617.18049611354,959.029001487414,,,36.9630236104351,137690720,1773692,61.8828887939453,5.43276061284761,31.9978990307446,57.2083203756744,10.7949286670858,63.4864553256302,44.624965142776,2.25845623950485
克罗地亚,,HRV,EU,高收入国家,4047200,2095905,1.47,28950,14530,30.4,18.3,57.553,159336,164,,7.51000022888184,66.1399993896484,6.19000005722046,27.6700000762939,78.4243902439025,100,0.1
海地,,HTI,NA,中低等收入国家,11402533,5776088,2.887,3100,1320,,,57.088,,16214,,15.451000213623,64.3099975585938,29.0300006866455,6.65999984741211,64.001,45.3713455200195,1.9
匈牙利,,HUN,EU,高收入国家,9749763,5108915,1.49,32190,15890,30.6,12.3,71.942,364424,369,,4.25,63.189998626709,4.71999979019165,32.0900001525879,76.0219512195122,100,
只有IBRD,x,IBD,,,4862388283,2399369861,2.05655570048594,13500.300385838,6269.71319802132,,,56.2170891312318,421705152,1591687,89.0665435791016,6.87873135627633,48.195906564084,26.5659428177929,25.2390097306853,73.6135935088521,98.505176475251,
IBRD与IDA,x,IBT,,,6570991956,3250694446,2.53256764812718,10964.2814324581,4978.67496858117,,,51.4809951051545,664103552,4975912,84.1251373291016,6.60747206413914,45.5610561071676,31.6381160263425,22.8019744788562,71.2794862234126,88.5250024200767,
IDA總,x,IDA,,,1708603673,851324585,3.9381438204766,3754.80034645577,1305.14998049325,,,37.988877493181,242743360,3384225,66.0243072509766,5.70185546751345,36.5743575965022,48.9378042494291,14.4899653435513,64.536308941045,59.69449796025,1.78410029633405
IDA混合,x,IDB,,,574159138,282852973,4.09023648699508,4893.725623438,1664.75639479175,,,43.194213462972,72285016,1413739,66.5693511962891,6.59390190586146,43.7341121757666,39.2587217952803,17.0109702366733,62.4089972219881,66.8390685707299,1.42723183876727
印度尼西亚,,IDN,AS,中低等收入国家,273523621,135805760,2.288,11750,3870,38.1,9.8,56.641,,110042,95.658561706543,4.28000020980835,49.1399993896484,28.5,22.3600006103516,71.716,98.85,0.4
只有IDA,x,IDX,,,1134444535,568471612,3.86269257858324,3194.77923755543,1123.46723860402,,,35.3502506753276,170113376,1970486,65.4988708496094,5.30630013946721,33.4569440241204,53.1521530342537,13.3922999441506,65.6133438655466,56.0770462878388,2.01461533249342
马恩岛,,IMN,EU,高收入国家,85032,,,,,,,52.898,,,,,,,,,100,
印度,,IND,AS,中低等收入国家,1380004385,662903415,2.202,6440,1920,,,34.926,120064160,783314,74.3729934692383,7.99700021743774,32.2799987792969,42.5999984741211,25.1200008392334,69.656,97.8152847290039,
未分类国家,x,INX,,,,,,,,,,,,,,,,,,,,
爱尔兰,,IRL,EU,高收入国家,4994724,2515113,1.7,70910,65620,31.4,13.1,63.653,568495,183,,5.61999988555908,76.8000030517578,4.42999982833862,18.7700004577637,82.3024390243903,100,0.2
伊朗伊斯兰共和国,,IRN,AS,中低等收入国家,83992953,41584547,2.146,13310,2960,40.8,,75.874,,19577,,12.168999671936,51.2400016784668,17.3700008392334,31.3899993896484,76.677,100,0.1
伊拉克,,IRQ,AS,中高等收入国家,40222503,19864725,3.597,9400,4680,,,70.893,,28345,,14.0880002975464,58.7999992370605,18.2700004577637,22.9300003051758,70.604,100,
冰岛,,ISL,EU,高收入国家,366425,182375,1.75,52030,62420,26.1,,93.898,32811,8,,5.48000001907349,78.4899978637695,4.03999996185303,17.4699993133545,82.5609756097561,100,0.1
以色列,,ISR,AS,高收入国家,9216900,4629378,3.01,39080,42600,,,92.587,957167,609,,4.32999992370605,81.8600006103516,0.920000016689301,17.2299995422363,82.8048780487805,100,
意大利,,ITA,EU,高收入国家,59554023,30558291,1.27,42340,32290,35.9,20.1,71.039,2834910,1298,99.15576171875,9.15999984741211,70.2399978637695,3.89000010490417,25.8700008392334,83.1975609756098,100,0.2
牙买加,,JAM,NA,中高等收入国家,2961161,1491520,1.965,8940,4670,,,56.311,232694,620,,9.47999954223633,68.5999984741211,15.2200002670288,16.1800003051758,74.475,99.3837738037109,1.4
约旦,,JOR,AS,中高等收入国家,10203140,5037161,2.691,10330,4310,,15.7,91.418,1147202,3217,98.2271118164063,19.0259990692139,73.0899963378906,2.47000002861023,24.4500007629395,74.526,100,0.1
日本,,JPN,AS,高收入国家,125836021,64395674,1.36,43130,40360,,,91.782,6494115,2319,,2.79999995231628,72.4000015258789,3.38000011444092,24.2199993133545,84.3563414634146,100,0.1
哈萨克斯坦,,KAZ,AS,中高等收入国家,18754440,9652308,2.9,24410,8710,27.5,4.3,57.671,1461448,3740,99.7816314697266,4.8899998664856,64.1600036621094,14.8599996566772,20.9799995422363,73.18,100,0.3
肯尼亚,,KEN,AF,中低等收入国家,53771300,27052773,3.423,4500,1840,,,27.995,,62199,81.5349731445313,5.72900009155273,39.439998626709,54.3400001525879,6.21999979019165,66.699,69.7,4.2
吉尔吉斯斯坦,,KGZ,AS,中低等收入国家,6591600,3330985,3.3,4750,1160,27.3,22.4,36.856,551210,2663,99.5859985351563,8.70600032806396,55.3300018310547,19.3199996948242,25.3600006103516,71.6,99.8817520141602,0.2
柬埔寨,,KHM,AS,中低等收入国家,16718971,8556547,2.478,4250,1500,,,24.232,2163143,9263,,0.331000000238419,37.560001373291,34.5299987792969,27.9099998474121,69.823,93,0.5
基里巴斯,,KIR,OC,中低等收入国家,119446,60702,3.53,4260,2960,,,55.594,,159,,,,,,68.369,100,
圣基茨和尼维斯,,KNA,NA,高收入国家,53192,,,26190,19080,,,30.843,,10,,,,,,,100,
大韩民国,,KOR,AS,高收入国家,51780579,25858715,0.918,45620,32960,,,81.414,2755682,1112,,3.9300000667572,70.2799987792969,5.1399998664856,24.5799999237061,83.2268292682927,100,
科威特,,KWT,AS,高收入国家,4270563,1656117,2.077,,,,,100,276318,488,96.0564727783203,3.53900003433228,76.0699996948242,1.77999997138977,22.1499996185303,75.489,100,
拉丁美洲与加勒比海地区（不包括高收入）,x,LAC,,,595242966,302366378,2.01520974290806,14661.5051276907,7211.51047192378,,,80.5144457701328,57482340,152916,93.7275314331055,10.1747861788602,65.4982406438974,14.0279025188475,20.4773355927721,75.591326387177,98.2727196289258,0.497831666256332
老挝,,LAO,AS,中低等收入国家,7275556,3623762,2.626,7800,2520,,18.3,36.29,770659,7253,,1.03400003910065,25.6200008392334,61.439998626709,12.9399995803833,67.923,100,0.3
黎巴嫩,,LBN,AS,中高等收入国家,6825442,3389696,2.075,11840,5370,,,88.925,516514,810,95.0694427490234,13.2969999313354,65.0999984741211,11.3199996948242,23.5900001525879,78.93,100,0.1
利比里亚,,LBR,AF,低收入国家,5057677,2515138,4.247,1300,570,,,52.089,,12537,,3.98000001907349,47.2299995422363,42.6199989318848,10.1499996185303,64.104,27.6492099761963,1.1
利比亚,,LBY,AF,中高等收入国家,6871287,3402550,2.206,11490,4960,,,80.691,,1375,,20.0659999847412,59.1699981689453,16.4099998474121,24.4300003051758,72.913,68.5321884155273,0.1
圣卢西亚,,LCA,NA,中高等收入国家,183629,93207,1.424,11960,8560,,,18.841,15693,52,,16.8920001983643,75.3399963378906,9.97000026702881,14.6899995803833,76.203,99.5477752685547,
拉丁美洲与加勒比海地区,x,LCN,,,652276325,331289258,2.00904340454452,15152.2375497936,7612.87459052613,,,81.1180900692708,62995144,167599,93.8686599731445,10.0620141880859,66.1472296508784,13.5339699979129,20.3226852499871,75.6014950394695,98.4242947003898,0.501215153231991
最不发达国家：联合国分类,x,LDC,,,1057438163,531415790,3.94464022113694,3095.40524161204,1062.44611935896,,,34.6407348362421,162809600,1925825,64.27587890625,5.32217798670412,32.0799241391168,55.2692174195875,12.651841673341,65.3454212391279,52.778280639013,2.13637150180044
低收入国家,x,LIC,,,665149035,333577700,4.57309229933043,1992.44106408675,668.815423509277,,,33.4508610838983,107360696,1457596,60.496711730957,5.62295367159999,29.9543716839917,59.7573109346797,10.2894967227694,63.7277492102326,40.9233418068988,1.79994287159812
列支敦士登,,LIE,EU,高收入国家,38137,,1.47,,,,,14.416,1979,,,,,,,83.0414634146342,100,
斯里兰卡,,LKA,AS,中低等收入国家,21919000,11409149,2.188,12870,3720,,,18.713,1710466,2287,91.7098236083984,5.87799978256226,47.1500015258789,24.9799995422363,27.8700008392334,76.978,100,0.1
中低等收入国家,x,LMC,,,3330652547,1635881959,2.69276469422501,7053.85981819032,2217.14124073976,,,42.4431319430444,352584928,3132185,75.4316329956055,6.61050501143007,40.0997505002205,37.7794674399986,22.1221286204646,69.0884916733125,89.0355255220612,
中低收入国家,x,LMY,,,6518253973,3223533079,2.5402489594087,10693.7720681757,4843.26721495446,,,51.2436499134785,659153344,4968320,84.0070877075195,6.59200810946201,45.278337474682,32.0234425308685,22.6993704738161,71.2216160423203,88.2287751048123,
莱索托,,LSO,AF,中低等收入国家,2142252,1085302,3.108,2730,1100,44.9,,29.028,,4971,,24.5629997253418,42.3899993896484,44.2999992370605,13.3100004196167,54.331,44.6406784057617,21.1
後期人口紅利,x,LTE,,,2316679176,1147184584,1.73904981432023,18011.8585971737,9860.56395130002,,,64.0996411599834,170407280,275056,96.1560592651367,5.89018176876244,51.2007438006478,22.593144639351,26.2070453949441,76.4361880248427,99.372871512484,
立陶宛,,LTU,EU,高收入国家,2794700,1501199,1.61,37760,19620,37.3,20.6,68.046,117676,93,,8.48999977111816,67.8600006103516,6.44000005722046,25.7000007629395,76.1341463414634,100,
卢森堡,,LUX,EU,高收入国家,632275,312502,1.34,82980,80860,34.5,17.5,91.453,39146,18,,6.76999998092651,88.5100021362305,0.680000007152557,10.8100004196167,82.4463414634146,100,
拉脱维亚,,LVA,EU,高收入国家,1901548,1025139,1.61,31460,17880,35.6,22.9,68.315,120787,80,99.8893127441406,8.10000038146973,68.9899978637695,7.28999996185303,23.7199993133545,75.2390243902439,100,
中国澳门特别行政区,,MAC,AS,高收入国家,649342,337242,1.228,,,,,100,32530,,,2.5699999332428,89.9400024414063,0.400000005960464,9.65999984741211,84.244,100,
圣马丁（法属）,,MAF,NA,高收入国家,38659,,1.81,,,,,,,,,,,,,79.9731707317073,100,
摩洛哥,,MAR,AF,中低等收入国家,36910558,18593671,2.382,7260,3020,,,63.532,4432229,12556,73.7500076293945,11.4540004730225,43.6599998474121,33.25,23.0900001525879,76.68,99.6,0.1
摩纳哥,,MCO,EU,高收入国家,39244,,,,,,,100,1989,1,,,,,,,100,
摩尔多瓦,,MDA,EU,中高等收入国家,2620495,1365483,1.269,13510,4560,25.9,,42.849,139612,578,,3.8199999332428,57.3199996948242,20.9599990844727,21.7199993133545,71.901,100,0.8
马达加斯加,,MDG,AF,低收入国家,27691019,13876400,4.026,1500,470,,,38.534,4648600,43606,76.6796798706055,2.47399997711182,27.1499996185303,64.120002746582,8.72999954223633,67.041,26.9071846008301,0.3
马尔代夫,,MDV,AS,中高等收入国家,540542,197614,1.84,12420,6490,,,40.669,49373,45,,6.32800006866455,72.5500030517578,8.31999969482422,19.1299991607666,78.921,100,
中东与北非地区,x,MEA,,,464554123,223874467,2.77605576067712,15989.9768957897,6892.18277825208,,,65.9741365430288,53023328,213607,78.9814300537109,10.5407133879666,58.4173208439897,14.5974545939876,26.9874365552926,74.2705887609257,97.2325397952462,0.101806942893415
墨西哥,x,MEX,NA,中高等收入国家,128932753,65861267,2.103,17810,8480,,41.9,80.731,14012770,30081,95.3799133300781,4.44999980926514,61.9700012207031,12.4799995422363,25.5499992370605,75.054,100,0.4
马绍尔群岛,,MHL,OC,中高等收入国家,59194,,,5060,4940,,,77.794,7234,42,,,,,,,97.443603515625,
中等收入国家,x,MIC,,,5853104938,2889955379,2.32657262200341,11690.056175084,5317.67679180932,,,53.2662425906809,551792640,3510724,86.0886611938477,6.68969907912072,46.7921435240961,29.283701504505,23.9253025995725,72.0592737633762,93.5164042829526,
北马其顿,,MKD,EU,中高等收入国家,2072531,1035827,1.489,16310,5750,34.2,21.6,58.482,,131,,17.2000007629395,54.9500007629395,13.9200000762939,31.1299991607666,75.797,100,
马里,,MLI,AF,低收入国家,20250834,10105660,5.785,2250,830,,43.8,43.909,,72521,35.4737701416016,7.69600009918213,30,62.439998626709,7.55999994277954,59.306,48.0212478637695,0.9
马耳他,,MLT,EU,高收入国家,525285,261869,1.1,37980,25370,29.2,17.1,94.744,26788,28,94.5031890869141,4.26000022888184,80.0699996948242,1.01999998092651,18.9200000762939,82.6,100,
缅甸,,MMR,AS,中低等收入国家,54409794,28189604,2.138,4980,1350,30.7,,31.141,,40866,,1.05799996852875,34.2099990844727,48.8499984741211,16.9400005340576,67.134,68.3566513061523,
中东与北非地区（不包括高收入）,x,MNA,,,396147843,196537067,2.85567133406502,10177.6414475866,3096.37013582196,,,62.2098285066013,47253812,206394,75.9643402099609,12.2390777292652,54.7392407739236,18.6848714159558,26.5784546646497,73.7775893150047,96.7546478509521,0.102106861015325
黑山,,MNE,EU,中高等收入国家,621306,314084,1.748,20350,7900,,24.5,67.488,39085,17,98.8471832275391,17.8999996185303,73.4400024414063,7.15000009536743,19.4099998474121,76.884,100,0.1
蒙古,,MNG,AS,中低等收入国家,3278292,1663253,2.867,11200,3740,,28.4,68.657,327019,1146,98.4231185913086,7.01000022888184,53.1100006103516,25.3199996948242,21.5799999237061,69.87,99.1252670288086,0.1
北马里亚纳群岛,,MNP,OC,高收入国家,57557,,,,,,,91.798,,,,,,,,,100,
莫桑比克,,MOZ,AF,低收入国家,31255435,16067200,4.783,1250,460,,,37.074,6940864,78997,,3.80999994277954,21.1900005340576,70.2200012207031,8.59000015258789,60.854,29.6161613464355,11.5
毛里塔尼亚,,MRT,AF,中低等收入国家,4649660,2314679,4.503,5320,1670,,,55.327,677458,10538,,11.2700004577637,51.560001373291,30.8299999237061,17.6100006103516,64.925,45.812068939209,0.3
毛里求斯,,MUS,AF,中高等收入国家,1265740,641234,1.4,22380,10230,36.8,,40.76,85730,211,91.3253936767578,7.40700006484985,70.3499984741211,5.96999979019165,23.6800003051758,74.2358536585366,100,1.7
马拉维,,MWI,AF,低收入国家,19129955,9695918,4.127,1550,580,,,17.427,4593328,24210,,6.70100021362305,18.2700004577637,76.3600006103516,5.36999988555908,64.263,11.2,8.1
马来西亚,,MYS,AS,中高等收入国家,32365998,15735185,1.983,27360,10570,,5.6,77.16,3066391,4569,94.8544082641602,4.50400018692017,62.7200012207031,10.2799997329712,27.0100002288818,76.156,100,0.4
北美,x,NAC,,,367553264,185591988,1.68078250890098,62694.7079644261,62371.7399054072,,,82.5530665548055,27197958,26905,,8.20683981085312,78.794516625575,1.3763556402471,19.8380350984667,79.1233025829812,100,
纳米比亚,,NAM,AF,中高等收入国家,2540916,1309233,3.344,9190,4500,,,52.033,,2805,91.5272674560547,21.4459991455078,61.75,21.8500003814697,16.3999996185303,63.708,55.1951179504395,11.6
新喀里多尼亚,,NCL,OC,高收入国家,271960,135263,1.94,,,,,71.518,,,,16.4290008544922,75.2600021362305,1.87000000476837,22.8700008392334,77.6341463414634,100,
尼日尔,,NER,AF,低收入国家,24206636,12036471,6.824,1230,550,,40.8,16.626,2666748,81065,35.0499992370605,0.624000012874603,20.75,72.5400009155273,6.71000003814697,62.42,18.7747249603271,0.2
尼日利亚,,NGA,AF,中低等收入国家,206139587,101669950,5.317,5000,2000,,40.1,51.958,,844321,62.0160102844238,9.71399974822998,53.0299987792969,34.9700012207031,12,54.687,55.4,1.3
尼加拉瓜,,NIC,NA,中低等收入国家,6624554,3359705,2.377,5410,1850,,,59.012,,2113,,6.07800006866455,53.1599998474121,30.6000003814697,16.2399997711182,74.485,88.2126693725586,0.2
荷兰,,NLD,EU,高收入国家,17441139,8751402,1.57,58240,51060,28.5,13.2,92.236,1170170,718,,3.8199999332428,81.8099975585938,2.07999992370605,16.1100006103516,82.0121951219512,100,0.2
挪威,,NOR,EU,高收入国家,5379475,2660602,1.53,65500,78290,27,12.7,82.974,448655,131,,4.42000007629395,78.5400009155273,2.03999996185303,19.4200000762939,82.9073170731707,100,
尼泊尔,,NPL,AS,中低等收入国家,29136808,15788373,1.876,4060,1190,,,20.576,3970016,15791,67.9084320068359,4.72399997711182,20.5200004577637,64.379997253418,15.1099996566772,70.778,89.9,0.1
瑙魯,,NRU,OC,高收入国家,10834,,,20460,15990,,,100,1856,8,,,,,,,100,
新西兰,,NZL,OC,高收入国家,5084300,2585329,1.72,43030,41550,,,86.699,387996,282,,4.59000015258789,74.870002746582,5.84000015258789,19.2900009155273,81.7073170731707,100,0.1
经合组织成员,x,OED,,,1370858752,696269064,1.65994861399432,45067.3117745641,38598.4041213407,,,81.01559004659,94602848,104742,,7.10158266250153,72.6496194816135,4.78275969424466,22.570135705066,80.2050898906991,99.9903069691327,
阿曼,,OMN,AS,高收入国家,5106622,1736392,2.842,28850,15030,,,86.276,290045,993,95.6515274047852,2.94000005722046,63.9900016784668,3.99000000953674,32.0099983215332,77.861,100,
其他小国,x,OSS,,,31941374,14912902,3.01614840797588,21578.7355439128,12379.4538817847,,,63.062408361738,3977358.75,33024,85.0698623657227,11.0048711128782,56.3725200261461,18.6798686479777,24.9500227488811,68.8218761881033,78.2433313967778,6.63817701684412
巴基斯坦,,PAK,AS,中低等收入国家,220892331,107220324,3.454,4710,1270,,21.9,37.165,23587996,389182,57.010570526123,4.30299997329712,38.1300010681152,36.9199981689453,24.9599990844727,67.273,73.9143600463867,0.2
巴拿马,,PAN,NA,中高等收入国家,4314768,2154888,2.437,25950,12420,49.9,,68.414,,1137,95.4118118286133,12.8540000915527,67.879997253418,14.4099998474121,17.7199993133545,78.506,95.8345565795898,1
秘鲁,,PER,SA,中高等收入国家,32971846,16593240,2.233,11520,6030,43.3,20.5,78.297,3715130,7351,94.4082717895508,7.17999982833862,57.4300003051758,27.3700008392334,15.1999998092651,76.736,98.3466033935547,0.3
菲律宾,,PHL,AS,中低等收入国家,109581085,54552260,2.526,9040,3430,,16.7,47.408,13195088,57534,,2.51999998092651,58.0299987792969,22.8600006103516,19.1200008392334,71.231,95.6286239624023,0.2
帕劳,,PLW,OC,高收入国家,18092,,,16620,14390,,,80.988,,4,,,,,,,100,
巴布亚新几内亚,,PNG,OC,中低等收入国家,8947027,4378955,3.52,4240,2720,,,13.345,,10284,,2.59500002861023,30.6299991607666,56.1500015258789,13.2299995422363,64.501,63.4645118713379,0.9
波兰,,POL,EU,高收入国家,37950802,19562432,1.42,33000,15240,29.7,15.4,60.043,2312509,1594,,3.16000008583069,58.7099990844727,9.14999961853027,32.1300010681152,77.8560975609756,100,
預人口紅利,x,PRE,,,970795671,484961683,4.86171987951797,3416.76196849933,1336.10285101836,,,42.3304784703917,155494912,2585428,62.0014686584473,6.93506250130469,36.8427770031884,52.5920858481544,10.565822595768,61.1759780623445,47.2310597180698,2.43256701421302
波多黎各,,PRI,NA,高收入国家,3194034,1680643,1.035,24010,21740,,,93.581,,,,8.89000034332275,83.6999969482422,1.0900000333786,15.210000038147,79.928512195122,100,
朝鲜民主主义人民共和国,,PRK,AS,低收入国家,25778815,13170436,1.896,,,,,62.381,,5839,,2.9210000038147,43.4500007629395,43.8199996948242,12.7299995422363,72.274,49.3727569580078,
葡萄牙,,PRT,EU,高收入国家,10305564,5430030,1.42,33610,21790,33.8,17.2,66.31,612700,262,96.1375885009766,6.78999996185303,69.8300018310547,5.5,24.6800003051758,80.6829268292683,100,0.5
巴拉圭,,PRY,SA,中高等收入国家,7132530,3508170,2.405,12680,5180,48.5,24.2,62.183,,2699,94.0207977294922,7.55000019073486,63.1399993896484,18.7199993133545,18.1399993896484,74.254,100,0.3
约旦河西岸和加沙,,PSE,AS,中低等收入国家,4803269,2367491,3.56,6620,3710,,,76.719,497002,2365,97.2186126708984,25.8899993896484,63.5900001525879,6.05000019073486,30.3700008392334,74.053,100,
太平洋岛国,x,PSS,,,2528958,1197245,3.48678356431745,6699.54950515939,3914.99375000402,,,39.2578875204729,378252.90625,1535,91.2938079833984,3.13375714168766,54.0876425999439,31.3936266384269,14.5231466643994,70.079731488335,86.7457805831812,
人口紅利之後,x,PST,,,1115104266,567446967,1.520276881008,50105.8901745739,44973.6681422926,,,81.6563417352894,68886960,52826,,6.7000573470195,74.9601171987643,3.0810946780054,21.9618582002557,80.7947223441513,99.9979629034223,
法属波利尼西亚,,PYF,OC,高收入国家,280904,138643,1.927,,,,,61.975,,,,14.0959997177124,76.5400009155273,6.82999992370605,16.6399993896484,77.657,100,
卡塔尔,,QAT,AS,高收入国家,2881060,715925,1.846,88070,55990,,,99.235,159109,153,,0.214000001549721,45.1399993896484,1.16999995708466,53.7000007629395,80.227,100,0.1
罗马尼亚,,ROU,EU,中高等收入国家,19286123,9908658,1.76,31610,12580,36,23.8,54.194,931419,1281,98.8444976806641,5.03000020980835,48.689998626709,21.2399997711182,30.0699996948242,75.4585365853659,100,0.1
俄罗斯联邦,,RUS,EU,中高等收入国家,144104080,77312158,1.504,29110,10690,37.2,12.6,74.754,7123403,9742,99.7300567626953,5.59000015258789,67.379997253418,5.82999992370605,26.7900009155273,73.0839024390244,100,
卢旺达,,RWA,AF,低收入国家,12952209,6584778,3.99,2160,780,,,17.432,2512465,15844,73.2155914306641,1.48500001430511,29.0799999237061,62.2900009155273,8.63000011444092,69.024,37.7824363708496,2.5
南亚,x,SAS,,,1856882402,898262751,2.35941271366008,6094.63350842327,1834.91346251636,,,34.8822931298263,173718400,1345035,72.2438812255859,7.23979318207037,33.7813646789875,41.8503935481995,24.3697442769912,69.6436174250367,94.3987291867754,
沙特阿拉伯,,SAU,AS,高收入国家,34813867,14682559,2.275,47790,21930,,,84.287,3390589,4135,,7.44999980926514,72.7900009155273,2.41000008583069,24.7999992370605,75.133,100,0.1
苏丹,,SDN,AF,低收入国家,43849269,21941974,4.347,3860,530,,,35.253,,76576,60.6971817016602,19.6490001678467,44.810001373291,38.3699989318848,16.8199996948242,65.311,53.8270721435547,0.2
塞内加尔,,SEN,AF,中低等收入国家,16743930,8573145,4.556,3420,1430,,,48.122,2171967,20978,,3.62299990653992,56.7799987792969,30.1000003814697,13.1199998855591,67.941,70.4,0.3
新加坡,,SGP,AS,高收入国家,5685807,2709673,1.14,86480,54920,,,100,234947,112,97.344856262207,4.09999990463257,84.4100036621094,0.0299999993294477,15.5500001907349,83.4975609756098,100,0.2
所罗门群岛,,SLB,OC,中低等收入国家,686878,337616,4.361,2680,2300,,,24.67,107118,414,,0.916000008583069,50.6100006103516,37.2599983215332,12.1300001144409,72.996,70.2584915161133,
塞拉利昂,,SLE,AF,低收入国家,7976985,3995746,4.169,1690,510,,56.8,42.923,1770368,27366,43.2063293457031,5.19500017166138,38.7599983215332,54.4900016784668,6.76000022888184,54.696,22.7,1.5
萨尔瓦多,,SLV,NA,中低等收入国家,6486201,3449777,2.021,7970,3630,38,,73.444,626300,1495,89.0085983276367,6.2480001449585,61.2000007629395,16.2900009155273,22.5100002288818,73.317,100,0.5
圣马力诺,,SMR,EU,高收入国家,33938,,,,,,,97.499,1653,0,,,,,,,100,
索马里,,SOM,AF,低收入国家,15893219,7969132,5.978,1240,420,36.8,,46.141,,72407,,19.7229995727539,17.3099994659424,80.2799987792969,2.41000008583069,57.397,36.0331954956055,0.1
塞尔维亚,,SRB,EU,中高等收入国家,6908224,3524507,1.52,18530,7420,36.2,23.2,56.446,264194,462,,9.01000022888184,56.9599990844727,15.6099996566772,27.4300003051758,75.6853658536585,99.8,0.1
撒哈拉以南非洲地区（不包括高收入）,x,SSA,,,1135948313,569028203,4.62330351877871,3793.66882111527,1505.57449313825,,,41.2507300248977,181332784,2789946,64.9910125732422,7.28055285221688,36.39247951599,52.8964356488986,10.7117350398094,61.6263561968196,46.7449889195289,3.57459353147717
南苏丹,,SSD,AF,低收入国家,11193729,5590715,4.619,,,,,20.199,,37678,34.5227584838867,14.0299997329712,23.2299995422363,60.3800010681152,16.3899993896484,57.846,6.72053527832031,2.3
撒哈拉以南非洲地区,x,SSF,,,1136046775,569076163,4.6231034884828,3795.43148788525,1506.50139369642,,,41.2521423477946,181342160,2789968,65.0389785766602,7.28055285221688,36.39247951599,52.8964356488986,10.7117350398094,61.6274425077664,46.7496855937183,3.57459353147717
小国,x,SST,,,41912623,19797783,2.84675198312771,19473.4231851872,11246.3452745687,,,59.582993303187,5052232,36441,86.6913223266602,10.3872779404646,58.7505239513952,17.8670640268488,23.3849038836296,69.7708469933063,82.3517286602135,5.48008885570197
圣多美和普林西比,,STP,AF,中低等收入国家,219161,109486,4.267,4250,2060,56.3,,74.354,,108,92.8166427612305,15.746000289917,62.9199981689453,19.1399993896484,17.9400005340576,70.385,75.1819076538086,0.3
苏里南,,SUR,SA,中高等收入国家,586634,291812,2.394,14030,4620,,,66.149,68147,186,94.3832702636719,9.77799987792969,67.5899963378906,8.07999992370605,24.3299999237061,71.682,97.8873519897461,1.1
斯洛伐克共和国,,SVK,EU,高收入国家,5458827,2800745,1.56,31000,18920,,11.9,53.76,231720,323,,6.69000005722046,61.1199989318848,2.78999996185303,36.0900001525879,77.4707317073171,100,
斯洛文尼亚,,SVN,EU,高收入国家,2100126,1054342,1.61,39470,25360,24.2,12,55.118,132551,43,,4.96999979019165,61.6100006103516,4.28000020980835,34.0999984741211,81.280487804878,100,0.1
瑞典,,SWE,EU,高收入国家,10353442,5167175,1.7,56740,54050,28.8,17.1,87.977,888850.25,314,,8.28999996185303,79.8899993896484,1.69000005722046,18.4200000762939,82.9585365853659,100,
斯威士兰,,SWZ,AF,中低等收入国家,1160164,589928,2.958,7980,3410,,,24.171,236002,1377,88.4193801879883,25.5090007781982,64.4599990844727,12.1499996185303,23.3899993896484,60.194,77.1696395874023,26.8
圣马丁(荷属),,SXM,NA,高收入国家,40812,,,,,,,100,,,,,,,,,100,
塞舌尔,,SYC,AF,高收入国家,98462,47960,2.34,24150,12200,,25.3,57.546,9383,22,95.8677062988281,,,,,73.9439024390244,100,
阿拉伯叙利亚共和国,,SYR,AS,低收入国家,17500657,8740592,2.771,,,,,55.475,,9471,,10.2569999694824,66.6900024414063,10.1300001144409,23.1900005340576,72.697,89.3248825073242,0.1
特克斯科斯群岛,,TCA,NA,高收入国家,38718,,,,,,,93.605,,,,,,,,,100,
乍得,,TCD,AF,低收入国家,16425859,8225689,5.649,1470,630,,42.3,23.52,2468784,71959,,1.74199998378754,23.0599994659424,75.0599975585938,1.87999999523163,54.239,8.4,1.1
东亚与太平洋地区 (IBRD与IDA),x,TEA,,,2088015667,1026174892,1.87508345364695,15194.8843763907,8416.25139682361,,,57.4366507643115,174219248,404587,95.8285980224609,4.41005887749889,47.0073226378988,27.0127024754525,25.9805564990425,75.448435105141,98.538226687083,
欧洲与中亚地区 (IBRD与IDA),x,TEC,,,462209698,239651689,1.84562830205134,23509.2229995331,8574.07079699481,,,66.6757402336146,26133068,65373,98.9805068969727,7.39768366810477,60.1905416855163,13.6152202499975,26.1937173991701,74.2980057170281,99.9866636948458,
多哥,,TGO,AF,低收入国家,8278737,4159333,4.259,2230,920,,,42.8,1584376,16885,,3.9449999332428,48.4099998474121,32.3800010681152,19.2099990844727,61.042,52.4410972595215,2
泰国,,THA,AS,中高等收入国家,69799978,35833918,1.514,17710,7040,36.5,9.9,51.43,4899076,6094,93.7677612304688,1.10000002384186,45.7299995422363,31.4300003051758,22.8400001525879,77.15,99.9,1
塔吉克斯坦,,TJK,AS,中低等收入国家,9537642,4731904,3.556,4500,1060,,27.4,27.506,,8948,,7.58300018310547,39.4900016784668,44.7200012207031,15.789999961853,71.097,99.6353912353516,0.2
土库曼斯坦,,TKM,AS,中高等收入国家,6031187,3061877,2.74,,,,,52.516,557184,5666,,4.95100021362305,39.4900016784668,20.6800003051758,39.8300018310547,68.191,99.9,
拉丁美洲与加勒比海地区 (IBRD与IDA),x,TLA,,,636492840,323359375,2.01971048329783,15126.6969839918,7503.48625617686,,,81.1461034090423,61933848,166920,93.7561264038086,10.1987749830439,66.0764250818435,13.5202352185252,20.4073236152779,75.5203877691048,98.3884466100942,0.502326577836271
东帝汶,,TLS,AS,中低等收入国家,1318442,652200,3.943,5190,1990,,,31.32,206512,1593,68.0668334960938,4.90500020980835,44.4000015258789,39.2799987792969,16.3199996948242,69.495,94.716178894043,0.2
中东与北非地区 (IBRD与IDA),x,TMN,,,391344574,194169576,2.84742247888507,10222.0604095408,3088.89956563041,,,62.0317464319283,46756812,204029,75.7225799560547,12.0902751584049,54.6563894536377,18.8031455343523,26.5429622743305,73.7742356819193,96.7151297024778,0.102106861015325
汤加,,TON,OC,中高等收入国家,105697,52793,3.518,7260,5190,,,23.099,17024,29,99.4143676757813,3.62800002098084,49.7599983215332,19.3700008392334,30.8700008392334,70.907,98.4,
南亚 (IBRD与IDA),x,TSA,,,1856882402,898262751,2.35941271366008,6094.63350842327,1834.91346251636,,,34.8822931298263,173718400,1345035,72.2438812255859,7.23979318207037,33.7813646789875,41.8503935481995,24.3697442769912,69.6436174250367,94.3987291867754,
撒哈拉以南非洲地区 (IBRD与IDA),x,TSS,,,1136046775,569076163,4.6231034884828,3795.43148788525,1506.50139369642,,,41.2521423477946,181342160,2789968,65.0389785766602,7.28055285221688,36.39247951599,52.8964356488986,10.7117350398094,61.6274425077664,46.7496855937183,3.57459353147717
特立尼达和多巴哥,,TTO,NA,高收入国家,1399491,708544,1.711,24790,15420,,,53.214,,288,,4.56799983978271,70.3399963378906,3.02999997138977,26.6399993896484,73.507,100,0.7
突尼斯,,TUN,AF,中低等收入国家,11818618,5957866,2.174,10550,3300,,,69.568,,3296,,16.5919990539551,52.75,13.8000001907349,33.4599990844727,76.699,100,0.1
土耳其,,TUR,AS,中高等收入国家,84339067,42702942,2.055,26900,9050,41.4,14.4,76.105,5267378,12369,,13.1099996566772,56.5699996948242,18.1100006103516,25.3199996948242,77.691,100,
图瓦卢,,TUV,OC,中高等收入国家,11792,,,6430,5820,,,64.014,1323,6,,,,,,,100,
坦桑尼亚,,TZA,AF,中低等收入国家,59734213,29883105,4.832,2760,1080,40.5,,35.227,10605430,102252,,2.52800011634827,28.4400005340576,65.0899963378906,6.46999979019165,65.456,37.7,4.7
乌干达,,UGA,AF,低收入国家,45741000,23194411,4.824,2260,800,,20.3,24.954,,70916,76.5274963378906,2.76799988746643,21.3600006103516,72.129997253418,6.51000022888184,63.368,41.3,5.4
乌克兰,,UKR,EU,中低等收入国家,44134693,23685780,1.228,13390,3570,26,,69.608,1724664,3295,,9.13199996948242,61.2200012207031,13.8199996948242,24.9599990844727,71.8273170731707,100,1
中高等收入国家,x,UMC,,,2522452391,1254073420,1.83134365613054,17801.0277222431,9412.22749303249,,,67.5671708171459,199207680,378539,95.4514465332031,6.76570283459272,53.2883973698446,21.0369276025343,25.675629553555,75.9469313874618,99.3798890313423,
乌拉圭,,URY,SA,高收入国家,3473727,1795391,1.963,21570,15790,39.5,,95.515,292536,293,98.703857421875,10.3500003814697,72.7600021362305,8.40999984741211,18.8299999237061,77.911,99.9,0.4
美国,,USA,NA,高收入国家,329484123,166449500,1.705,64610,64530,41.2,,82.664,24786460,24976,,8.05000019073486,78.7399978637695,1.36000001430511,19.9099998474121,78.7878048780488,100,
乌兹别克斯坦,,UZB,AS,中低等收入国家,34232050,17154565,2.785,7710,1740,,,50.416,2505930,9523,99.9928894042969,7.04099988937378,51.2700004577637,25.7099990844727,23.0200004577637,71.725,100,0.2
圣文森特和格林纳丁斯,,VCT,NA,中高等收入国家,110947,54729,1.872,12740,7310,,,53.032,,22,,21.0020008087158,70.0400009155273,10.0799999237061,19.8799991607666,72.534,100,
委内瑞拉玻利瓦尔共和国,,VEN,SA,未分类国家,28435943,14451011,2.25,,,,,88.279,,12436,,6.6269998550415,76.8099975585938,7.8600001335144,15.3400001525879,72.064,100,0.5
英屬維爾京群島,,VGB,NA,高收入国家,30237,,,,,,,48.515,2750,,,,,,,,100,
美属维京群岛,,VIR,NA,高收入国家,106290,55802,2.05,,,,,95.939,,,,13.5450000762939,79.3399963378906,1.92999994754791,18.7399997711182,79.6682926829268,100,
越南,,VNM,AS,中低等收入国家,97338583,48740329,2.05,8150,2650,,6.7,37.34,8506562,33013,,2.39000010490417,35.3400001525879,37.2200012207031,27.4400005340576,75.4,99.4,0.3
瓦努阿图,,VUT,OC,中低等收入国家,307150,151460,3.744,3320,3190,,,25.525,54820,218,87.5063095092773,2.11899995803833,29.1399993896484,56.7799987792969,14.0799999237061,70.474,64.6662368774414,
世界,x,WLD,,,7761620146,3847095762,2.40180351121416,17055.3187676726,11067.8617289733,,,56.1563485491551,739417408,5040610,86.246940612793,6.57300352632896,50.6207694525254,26.6916083009143,22.6891213955791,72.7471316405295,90.0970108968096,0.7
萨摩亚,,WSM,OC,中低等收入国家,198410,95707,3.83,6510,4050,,,17.889,33841,81,99.0957717895508,9.14900016784668,44.9099998474121,30.2099990844727,24.8899993896484,73.321,99.2,
科索沃,,XKX,,中高等收入国家,1775378,,1.97,11660,4480,29,,,,,,,,,,72.4951219512195,100,
也门共和国,,YEM,AS,低收入国家,29825968,14800983,3.7,,,,,37.908,,51560,,13.3909997940063,62.25,27.5499992370605,10.1999998092651,66.125,72.7517013549805,0.1
南非,,ZAF,AF,中高等收入国家,59308690,30092678,2.381,13140,6010,,,67.354,7688381,37807,,29.2199993133545,72.4100036621094,5.28000020980835,22.3099994659424,64.131,85,19.1
赞比亚,,ZMB,AF,中低等收入国家,18383956,9280950,4.559,3360,1160,,,44.629,,38955,86.7479629516602,12.8479995727539,39.8300018310547,49.6399993896484,10.5299997329712,63.886,43,11.1
津巴布韦,,ZWE,AF,中低等收入国家,14862927,7770917,3.531,3420,1140,44.3,,32.242,2789692,23533,,5.35099983215332,27.2399997711182,66.1900024414063,6.57000017166138,61.49,41.0891075134277,11.9